CompanyName,Contact,salesorderID,totaldue
Action Bicycle Specialists,Terry Eminhizer,71784,119960.8240
Metropolitan Bicycle Supply,Krishna Sunkammurali,71936,108597.9536
Bulk Discount Store,Christopher Beck,71938,98138.2131
Eastside Department Store,Kevin Liu,71783,92663.5609
Riding Cycles,Jon Grande,71797,86222.8072
Many Bikes Store,Jeffrey Kurtz,71902,81834.9826
Instruments and Parts Company,Rebecca Laszlo,71898,70698.9922
Extreme Riding Supplies,Anthony Chor,71796,63686.2708
Trailblazing Sports,Frank Campbell,71845,45992.3665
Professional Sales and Service,Catherine Abel,71782,43962.7901
Nearby Cycle Shop,Raja Venugopal,71780,42452.6519
Closest Bicycle Store,Pamala Kotc,71832,39531.6085
Thrilling Bike Tours,Pei Chow,71858,15275.1977
Paints and Solvents Company,Joyce Jarvis,71897,14017.9083
Remarkable Bike Store,Cory Booth,71935,7330.8972
Engineered Bike Systems,Joseph Mitzner,71816,3754.9733
Sports Products Store,Walter Mays,71863,3673.3249
Discount Tours,Melissa Marple,71920,3293.7761
Sports Store,Roger Van Houten,71846,2711.4098
Coalition Bike Company,Donald Blanton,71899,2669.3183
Aerobic Exercise Company,Rosmarie Carroll,71915,2361.6403
Tachometers and Accessories,Matthew Miller,71831,2228.0566
Thrifty Parts and Sales,Michael John Troyer,71815,1261.4440
Vigorous Sports Store,Brigid Cavendish,71867,1170.5376
Good Toys,David Hodgson,71774,972.7850
Transport Bikes,Vassar Stern,71856,665.4251
Channel Outlet,Richard Byham,71885,608.1766
Futuristic Bikes,Walter Brian,71895,272.6468
The Bicycle Accessories Company,Guy Gilbert,71923,117.7276
West Side Mart,Andrea Thomsen,71776,87.0851
Essential Bike Works,Linda Mitchell,71917,45.1995
Central Bicycle Specialists,Janeth Esteves,71946,43.0437
Vast Bike Sales and Rental,Twanna Evans,,
Summer Sports Place,Ann Evans,,
Real Sporting Goods,John Evans,,
The Bike Shop,Carolyn Farino,,
Safe Toys,Geri Farrell,,
Our Sporting Goods Store,Rhoda Finley,,
Coho Sports,Kathie Flood,,
Quick Delivery Service,Kelly Focht,,
Basic Sports Equipment,Garth Fort,,
Cash & Carry Bikes,Dorothy Fox,,
General Bike Corporation,Susan French,,
Retail Cycle Shop,Mihail Frintu,,
Social Activities Club,John Ford,,
Blue Bicycle Company,Paul Fulton,,
General Riding Supplies,Bob Gage,,
Riding Excursions,Michael Galos,,
Unique Bikes,Jon Ganio,,
Rural Cycle Emporium,Kathleen Garza,,
Associated Bikes,Dominic Gash,,
Modular Cycle Systems,Janet Gates,,
A Bike Store,Orlando Gee,,
Journey Sporting Goods,Darren Gehring,,
Two Bike Shops,Jim Geist,,
Cycles Wholesaler & Mfg.,Barbara German,,
Number One Bike Co.,Leo Giakoumakis,,
Standard Bikes,Frances Giglio,,
Sports Merchandise,Andrew Cencini,,
Fitness Toy Store,Stacey Cereghino,,
General Cycle Storehouse,Pat Chambers,,
Fitness Cycling,Forrest Chandler,,
Good Bike Shop,Lee Chapla,,
Corner Bicycle Supply,Joseph Castellucio,,
Westside Plaza,Raul Casts,,
Outstanding Cycles,Matthew Cavallari,,
Travel Systems,Linda Burnett,,
Grease and Oil Products Company,Michael Blythe,,
Moderately-Priced Bikes Store,Gabriel Bockenkamp,,
Economy Bikes Company,Luis Bonifaz,,
Third Bike Store,Randall Boseman,,
Bikes for Two,Eli Bowen,,
Metal Processing Company,Lester Bowman,,
Initial Bike Company,Cornelius Brandon,,
Latest Sports Equipment,Richard Bready,,
Raw Materials Inc,Ted Bremer,,
Lots of Bikes Storehouse,Alan Brewer,,
Fleet Bikes,Jill Christie,,
Local Hardware Factory,Alice Clark,,
South Bike Company,Jane Clayton,,
Discount Bicycle Specialists,Connie Coffman,,
Machines & Cycles Store,Pat Coleman,,
Two Wheels Cycle Store,John Colon,,
Westside Cycle Store,Scott Colvin,,
Urban Sports Emporium,William Conner,,
Sixth Bike Store,Dorothy Contreras,,
Vehicle Shop,Scott Cooper,,
First Department Stores,Eva Corets,,
Grand Sport Boutique,Marlin Coriell,,
Distinctive Store,Jack Creasey,,
Handy Bike Services,Grant Culbertson,,
Friendly Bike Shop,Scott Culp,,
Fashionable Bikes and Accessories,Conor Cunningham,,
Citywide Service and Repair,Thierry D'Hers,,
Rugged Bikes,Megan Davis,,
Principal Bike Company,Alvaro De Matos Miranda Filho,,
Finer Riding Supplies,Jacob Dean,,
Neighborhood Store,Alexander Deborde,,
Paint Supply,Aidan Delaney,,
Preferred Bikes,Stefan Delmarco,,
Rewarding Activities Company,Della Demott Jr,,
Stationary Bikes and Stands,Prashanth Desai,,
Successful Sales Company,Bev Desalvo,,
Downtown Hotel,Brenda Diaz,,
Certified Sports Supply,Gabriele Dickmann,,
Rampart Amusement Company,Dick Dievendorff,,
Sundry Sporting Goods,Rudolph Dillon,,
Farthermost Bike Shop,Blaine Dockter,,
Suburban Cycle Shop,Cindy Dodd,,
Racing Bike Outlet,Patricia Doyle,,
Utilitarian Sporting Goods,Gerald Drury,,
Vigorous Exercise Company,Reuben D'sa,,
Stock Parts and Supplies,Bart Duncan,,
Roadway Supplies,Maciej Dusza,,
Future Bikes,Linda Ecoffey,,
Satin Finish Company,Carol Elliott,,
Regional Manufacturing,Shannon Elliott,,
Original Bicycle Supply Company,Jauna Elson,,
Parcel Express Delivery Service,Christopher Bright,,
Prosperous Tours,John Brooks,,
Nonskid Tire Company,Willie Brooks,,
Metro Bike Works,Jo Brown,,
Best o' Bikes,Robert Brown,,
Client Discount Store,Mary Browning,,
Requisite Part Supply,Eric Brumfield,,
Mechanical Products Ltd.,Michael Brundage,,
Commendable Bikes,Shirley Bruner,,
Online Bike Sellers,June Brunner,,
Custom Accessories Company,Dirk Bruno,,
Courteous Bicycle Specialists,Janaina Barreiro Gambaro Bueno,,
Professional Cycle Store,Megan Burke,,
Fifth Bike Store,Karren Burkhardt,,
Farthest Bike Store,Timothy Burnett,,
Alternative Vehicles,Jared Bustamante,,
Retail Mall,Ryan Calafato,,
Metro Metals Co.,Mari Caldwell,,
Sheet Metal Manufacturing,Barbara Calone,,
Thorough Parts and Repair Services,Lindsey Camacho,,
Uttermost Bike Shop,Gustavo Camargo,,
Two-Wheeled Transit Company,Joan Campbell,,
Metro Cycle Shop,Henry Campen,,
Outdoor Sporting Goods,Chris Cannon,,
Petroleum Products Distributors,Suzana De Abreu Canuto,,
Bikes and Motorbikes,Johnny Caprio,,
Camping and Sports Store,Carlton Carlisle,,
Rural Department Store,Jane Carmichael,,
Sports Commodities,Jovita Carmody,,
Responsible Bike Dealers,Rob Caron,,
Western Bike Supplies,Andy Carothers,,
Advanced Bike Components,Donna Carreras,,
Road-Way Mart,James Bailey,,
Small Cycle Store,Douglas Baldwin,,
Grand Bicycle Stores,Wayne Banack,,
Kickstand Sellers,Robert Barker,,
Gasless Cycle Shop,Josh Barnhill,,
Transportation Options,Gytis Barzdukas,,
Finer Cycle Shop,Shaun Beasley,,
Center Cycle Shop,John Beaver,,
First-Rate Outlet,Ann Beebe,,
Another Bicycle Company,Stanley Alan,,
Unsurpassed Bikes,Edna Benson,,
Field Trip Inc,Payton Benson,,
Odometers and Accessories Company,Alexander Berger,,
Scratch-Resistant Finishes Company,John Berger,,
Safe Cycles Shop,Robert Bernacchi,,
Number 1 Supply,Matthias Berndt,,
Golf and Cycle Store,Steven Brown,,
World Bike Discount Store,Jimmy Bischoff,,
Historic Bicycle Sales,Mae Black,,
Commuter Bicycle Store,Jackie Blackwell,,
Riders Company,Kim Abercrombie,,
Area Bike Accessories,Frances Adams,,
Bicycle Accessories and Kits,Margaret Smith,,
Valley Bicycle Specialists,Jay Adams,,
Vinyl and Plastic Goods Corporation,Samuel Agcaoili,,
Fun Toys and Bikes,Robert Ahlering,,
"Great Bikes ",François Ferrier,,
Valley Toy Store,Amy Alberts,,
Major Sport Suppliers,Paul Alcorn,,
Family's Favorite Bike Shop,Gregory Alderson,,
Imported and Domestic Cycles,Michelle Alexander,,
Systematic Sales,Sean Jacobson,,
Mountain Toy Store,Marvin Allen,,
Designated Distributors,Cecil Allison,,
Bold Bike Accessories,Oscar Alpuerto,,
Serious Cycles,Maxwell Amland,,
Novelty Bikes,Ramona Antrim,,
Brightwork Company,Tom Johnston,,
Resale Services,Thomas Armstrong,,
The Gear Store,John Arthur,,
Immense Manufacturing Company,Chris Ashton,,
Extended Bike Sales,Teresa Atkinson,,
Workout Emporium,Robert Avalos,,
Work and Play Association,Stephen Ayers,,
Nice Bikes,Daniel Blanco,,
Active Systems,Janet Gilliat,,
Futuristic Sport Distributors,Mary Gimmi,,
Big-Time Bike Store,Jeanie Glenn,,
The Showroom,Diane Glimp,,
Year-Round Sports,Scott Gode,,
The New Bike Store,Mete Goktepe,,
Primary Bike Distributors,Brian Goldstein,,
Genial Bike Associates,Abigail Gonzalez,,
Commercial Sporting Goods,Michael Graff,,
Wholesale Parts,Derek Graham,,
This Area Sporting Goods,Yao-Qiang Cheng,,
Full-Service Bike Store,Nicky Chesnut,,
Genuine Bike Shop,Ruth Choin,,
Roadway Bike Emporium,John Emory,,
"Sleek Bikes ",Gail Erickson,,
Retail Sporting Equipment,Mark Erickson,,
Price-Cutter Discount Bikes,Martha Espinoza,,
Metro Manufacturing,Jane Greer,,
Locks Company,Douglas Groncki,,
Latest Accessories Sales,Brian Groth,,
Greater Bike Store,Hattie Haemon,,
Distant Inn,Erin Hagens,,
Finer Mart,Betty Haines,,
Cross-Country Riding Supplies,Bryan Hamilton,,
Bike World,Kerim Hanif,,
Central Discount Store,Jean Handley,,
Sharp Bikes,Katherine Harding,,
Metropolitan Sports Supply,Lucy Harrington,,
Progressive Sports,Keith Harris,,
Brakes and Gears,Roger Harui,,
The Accessories Store,Ann Hass,,
Family Cycle Store,James Haugh,,
Superb Sales and Repair,Brenda Heaney,,
Countryside Company,John Hanson,,
First Bike Store,Valerie Hendricks,,
General Department Stores,Kari Hensien,,
Operational Manufacturing,Irene Hernandez,,
Online Bike Warehouse,Jésus Hernandez,,
Small Bike Shop,Cheryl Herring,,
Superior Hardware Distributors,Ronald Heymsfield,,
Eastside Parts Shop,Andrew Hill,,
First Cycle Store,Mike Hines,,
Running and Cycling Gear,Matthew Hink,,
Bikes for Kids and Adults,Stephen Jiang,,
Home Town Bike Store,Danielle Johnson,,
Sample Bike Store,Barry Johnson,,
Extras Sporting Goods,Brian Johnson,,
Sure & Reliable Sporting Goods,David Johnson,,
Separate Parts Corporation,Jean Jordan,,
Basic Bike Company,Peggy Justice,,
"Fabrikam Inc., West",Diane Krane,,
Non-Slip Pedal Company,Sandra Kitt,,
Weekend Bike Tours,Sandeep Kaliyath,,
General Supplies,Lori Kane,,
Racing Toys,Kay Krane,,
Capable Sales and Service,Sandeep Katyal,,
Road Way Sales and Rental,Victor Kelley,,
Sturdy Toys,John Kelly,,
Beneficial Exercises and Activities,Robert Kelly,,
Fad Outlet,Kevin Kennedy,,
Commerce Bicycle Specialists,Mary Kesslep,,
Acceptable Sales & Service,Elizabeth Keyser,,
District Mall,Imtiaz Khan,,
Fitness Supplies,Karan Khanna,,
Mail Market,Joe Kim,,
Twelfth Bike Store,Shane Kim,,
Consolidated Messenger,Tim Kim,,
Field Trip Store,Anton Kirilov,,
Finish and Sealant Products,Christian Kleinerman,,
Finer Parts Shop,Andrew Kobylinski,,
Up-To-Date Sports,Kirk King,,
Mountain Bike Center,Eugene Kogan,,
Specialty Sports Store,Scott Konersmann,,
Scooters and Bikes Store,Joy Koski,,
Little Bicycle Supply Shop,Helge Hoeing,,
All Seasons Sports Supply,Bob Hodges,,
Leisure Clearing House,Jean Holloway,,
The Commissary,Eddie Holmes,,
Affordable Sports Equipment,Juanita Holman,,
Local Sales and Rental,Peter Houston,,
Economy Center,Curtis Howard,,
Area Sheet Metal Supply,Janice Hows,,
Synthetic Materials Manufacturing,George Huckaby,,
Rural Sales and Service,Joshua Huff,,
Tubeless Tire Company,Arlene Huff,,
Hardware Components,Phyllis Huntsman,,
Retail Sporting Goods,Lawrence Hurkett,,
Efficient Cycling,Ryan Ihrig,,
General Industries,Beth Inghram,,
Highway Bike Shop,Lucio Iallo,,
Rental Bikes,Richard Irwin,,
Roving Sports,Erik Ismert,,
Express Bike Services,Denean Ison,,
Retail Discount Store,Bronson Jacobs,,
Vale Riding Supplies,Eric Jacobsen,,
A Great Bicycle Company,Jodan Jacobson,,
Certified Bicycle Supply,Mary Alexander,,
Exceptional Cycle Services,David Jaffe,,
Leisure Activities,Vance Johns,,
Reasonable Bicycle Sales,Mitch Kennedy,,
Outdoor Sports Supply,Margaret Krupka,,
Outdoor Aerobic Systems Company,Deepak Kumar,,
Metal Clearing House,Vamsi Kuppa,,
Gear-Shift Bikes Limited,David Lawrence,,
Frugal Bike Shop,Elsa Leavitt,,
Family Entertainment Center,Michael Lee,,
Go-cart and Bike Specialists,Marjorie Lee,,
Racing Partners,Mark Lee,,
Exhibition Showroom,Jolie Lenehan,,
Authorized Bike Sales and Rental,Roger Lengel,,
Two-Seater Bikes,A. Leonetti,,
More Bikes!,Bonnie Lepro,,
National Manufacturing,Linda Leste,,
Town Industries,Elsie Lewin,,
Security Racks and Locks Wholesalers,George Li,,
Rapid Bikes,Yale Li,,
Nearby Sporting Goods,Yuhong Li,,
Front Sporting Goods,Joseph Lique,,
Elite Bikes,Paulo Lisboa,,
Catalog Store,David Liu,,
Chic Department Stores,Jinghao Liu,,
Low Price Cycles,Ben Miller,,
Metropolitan Manufacturing,Dylan Miller,,
Orange Bicycle Company,Frank Miller,,
Riding Associates,Neva Mitchell,,
Shipping Specialists,Ajay Manchepalli,,
Authentic Sales and Service,Tomas Manzanares,,
Official Parts Shop,Kathy Marcovecchio,,
Cycle Merchants,Todd Logan,,
Fitness Hotel,Sharon Looney,,
Grand Industries,Anita Lucerne,,
Leading Sales & Repair,Judy Lundahl,,
Tandem Sales and Service,Robert Lyeba,,
Reliable Retail Center,Robert Lyon,,
Friendly Bike Shop,Denise Maccietto,,
Yellow Bicycle Company,Scott MacDonald,,
Tire Exchange,Cecelia Marshall,,
Oils and Fluids Warehouse,Linda Martin,,
Rally Master Company Inc,Frank Mart¡nez,,
Professional Cyclists,Steve Masters,,
Exclusive Bicycle Mart,Jennifer Maxham,,
City Manufacturing,Chris Maxwell,,
Bike Dealers Association,Sandra Maynard,,
"Health Spa, Limited",Robin McGuigan,,
Closeout Boutique,Lola McCarthy,,
Bicycle Merchandise Warehouse,Jane McCarty,,
Leather Seat Factory,James McCoy,,
Practical Bike Supply Company,Yvonne McKay,,
Some Discount Store,Nkenge McLin,,
Variety Cycling,Nancy McPhearson,,
Remote Bicycle Specialists,Raquel Mello,,
Friendly Neighborhood Bikes,R. Morgan Mendoza,,
Recommended Bicycles,Stephen Mew,,
Alpine Ski House,Helen Meyer,,
Seats and Saddles Company,Thomas Michaels,,
All Cycle Shop,Virginia Miller,,
A Bike Store,Orlando Gee,,
Progressive Sports,Keith Harris,,
Advanced Bike Components,Donna Carreras,,
Modular Cycle Systems,Janet Gates,,
Metropolitan Sports Supply,Lucy Harrington,,
Aerobic Exercise Company,Rosmarie Carroll,,
Associated Bikes,Dominic Gash,,
Rural Cycle Emporium,Kathleen Garza,,
Sharp Bikes,Katherine Harding,,
Bikes and Motorbikes,Johnny Caprio,,
Bulk Discount Store,Christopher Beck,,
Catalog Store,David Liu,,
Center Cycle Shop,John Beaver,,
Central Discount Store,Jean Handley,,
Chic Department Stores,Jinghao Liu,,
Travel Systems,Linda Burnett,,
Bike World,Kerim Hanif,,
Eastside Department Store,Kevin Liu,,
Coalition Bike Company,Donald Blanton,,
Commuter Bicycle Store,Jackie Blackwell,,
Cross-Country Riding Supplies,Bryan Hamilton,,
Cycle Merchants,Todd Logan,,
Cycles Wholesaler & Mfg.,Barbara German,,
Two Bike Shops,Jim Geist,,
Finer Mart,Betty Haines,,
Fitness Hotel,Sharon Looney,,
Journey Sporting Goods,Darren Gehring,,
Distant Inn,Erin Hagens,,
Healthy Activity Store,Jeremy Los,,
Frugal Bike Shop,Elsa Leavitt,,
Gear-Shift Bikes Limited,David Lawrence,,
Greater Bike Store,Hattie Haemon,,
Grand Industries,Anita Lucerne,,
Instruments and Parts Company,Rebecca Laszlo,,
Kickstands and Accessories Company,Eric Lang,,
Latest Accessories Sales,Brian Groth,,
Leading Sales & Repair,Judy Lundahl,,
Largest Bike Store,Peter Kurniawan,,
Locks Company,Douglas Groncki,,
Main Bicycle Services,Sean Lunt,,
Many Bikes Store,Jeffrey Kurtz,,
Metal Clearing House,Vamsi Kuppa,,
Metro Manufacturing,Jane Greer,,
Neighborhood Store,Alexander Deborde,,
Outdoor Aerobic Systems Company,Deepak Kumar,,
Outdoor Sports Supply,Margaret Krupka,,
Parcel Express Delivery Service,Christopher Bright,,
Paint Supply,Aidan Delaney,,
Out-of-the-Way Hotels,James Krow,,
Mechanical Products Ltd.,Michael Brundage,,
Preferred Bikes,Stefan Delmarco,,
Reasonable Bicycle Sales,Mitch Kennedy,,
Refined Department Stores,James Kramer,,
Requisite Part Supply,Eric Brumfield,,
Rewarding Activities Company,Della Demott Jr,,
Closest Bicycle Store,Pamala Kotc,,
Scooters and Bikes Store,Joy Koski,,
Sports Commodities,Jovita Carmody,,
Stationary Bikes and Stands,Prashanth Desai,,
Specialty Sports Store,Scott Konersmann,,
Rural Department Store,Jane Carmichael,,
More Bikes!,Bonnie Lepro,,
Mountain Bike Center,Eugene Kogan,,
Up-To-Date Sports,Kirk King,,
Urban Sports Emporium,William Conner,,
National Manufacturing,Linda Leste,,
West Side Mart,Andrea Thomsen,,
Travel Sports,Daniel Thompson,,
Vintage Sport Boutique,Kendra Thompson,,
Westside Cycle Store,Scott Colvin,,
Town Industries,Elsie Lewin,,
Trendy Department Stores,Donald Thompson,,
Two Wheels Cycle Store,John Colon,,
Security Racks and Locks Wholesalers,George Li,,
Rapid Bikes,Yale Li,,
Red Bicycle Company,Phyllis Thomas,,
Machines & Cycles Store,Pat Coleman,,
Nearby Sporting Goods,Yuhong Li,,
Front Sporting Goods,Joseph Lique,,
Demand Distributors,Judy Thames,,
Discount Bicycle Specialists,Connie Coffman,,
Elite Bikes,Paulo Lisboa,,
Eighth Bike Store,Vanessa Tench,,
Another Sporting Goods Company,Teanna Cobb,,
Commercial Sporting Goods,Michael Graff,,
Wholesale Parts,Derek Graham,,
Transportation Options,Gytis Barzdukas,,
South Bike Company,Jane Clayton,,
Riding Cycles,Jon Grande,,
Raw Materials Inc,Ted Bremer,,
Latest Sports Equipment,Richard Bready,,
Local Hardware Factory,Alice Clark,,
Lots of Bikes Storehouse,Alan Brewer,,
Initial Bike Company,Cornelius Brandon,,
Fleet Bikes,Jill Christie,,
Futuristic Bikes,Walter Brian,,
Camping and Sports Store,Carlton Carlisle,,
Corner Bicycle Supply,Joseph Castellucio,,
Metal Processing Company,Lester Bowman,,
Vigorous Sports Store,Brigid Cavendish,,
Sports Merchandise,Andrew Cencini,,
Suburban Cycle Shop,Cindy Dodd,,
Third Bike Store,Randall Boseman,,
Fitness Toy Store,Stacey Cereghino,,
Farthermost Bike Shop,Blaine Dockter,,
Economy Bikes Company,Luis Bonifaz,,
Downtown Hotel,Brenda Diaz,,
Certified Sports Supply,Gabriele Dickmann,,
Sundry Sporting Goods,Rudolph Dillon,,
Toy Manufacturing Inc,Michael Bohling,,
Rampart Amusement Company,Dick Dievendorff,,
Full-Service Bike Store,Nicky Chesnut,,
Family Entertainment Center,Michael Lee,,
Another Bicycle Company,Stanley Alan,,
This Area Sporting Goods,Yao-Qiang Cheng,,
Go-cart and Bike Specialists,Marjorie Lee,,
Weekend Bike Tours,Sandeep Kaliyath,,
Thrilling Bike Tours,Pei Chow,,
Trailblazing Sports,Frank Campbell,,
Racing Partners,Mark Lee,,
Non-Slip Pedal Company,Sandra Kitt,,
Nuts and Bolts Mfg.,Hao Chen,,
Exhibition Showroom,Jolie Lenehan,,
"Fabrikam Inc., West",Diane Krane,,
Field Trip Inc,Payton Benson,,
Authorized Bike Sales and Rental,Roger Lengel,,
Basic Bike Company,Peggy Justice,,
Unsurpassed Bikes,Edna Benson,,
Two-Seater Bikes,A. Leonetti,,
Separate Parts Corporation,Jean Jordan,,
Traction Tire Company,Ido Ben-Sachar,,
Rally Master Company Inc,Frank Mart¡nez,,
Professional Cyclists,Steve Masters,,
Purple Bicycle Company,Robert Jones,,
Gasless Cycle Shop,Josh Barnhill,,
Exclusive Bicycle Mart,Jennifer Maxham,,
City Manufacturing,Chris Maxwell,,
Sure & Reliable Sporting Goods,David Johnson,,
Extras Sporting Goods,Brian Johnson,,
Best o' Bikes,Robert Brown,,
Bike Dealers Association,Sandra Maynard,,
Sample Bike Store,Barry Johnson,,
Paints and Solvents Company,Joyce Jarvis,,
Leisure Activities,Vance Johns,,
"Health Spa, Limited",Robin McGuigan,,
Home Town Bike Store,Danielle Johnson,,
Exceptional Cycle Services,David Jaffe,,
Certified Bicycle Supply,Mary Alexander,,
Closeout Boutique,Lola McCarthy,,
Client Discount Store,Mary Browning,,
A Great Bicycle Company,Jodan Jacobson,,
Bicycle Merchandise Warehouse,Jane McCarty,,
Wire Baskets and Parts,Jessie Valerio,,
Vale Riding Supplies,Eric Jacobsen,,
Retail Discount Store,Bronson Jacobs,,
Leather Seat Factory,James McCoy,,
Large Bike Shop,Esther Valle,,
Express Bike Services,Denean Ison,,
Roving Sports,Erik Ismert,,
Safe Cycles Shop,Robert Bernacchi,,
Swift Cycles,Sunil Uppal,,
Rental Bikes,Richard Irwin,,
Number 1 Supply,Matthias Berndt,,
Quantity Discounts,Sairaj Uddin,,
Highway Bike Shop,Lucio Iallo,,
General Industries,Beth Inghram,,
Farthest Bike Store,Timothy Burnett,,
Fasteners & Bolts Outlet,Phyllis Tuffield,,
Channel Outlet,Richard Byham,,
Alternative Vehicles,Jared Bustamante,,
Metro Cycle Shop,Henry Campen,,
A Typical Bike Shop,Christie Trujillo,,
Active Systems,Janet Gilliat,,
Outdoor Sporting Goods,Chris Cannon,,
Thrifty Parts and Sales,Michael John Troyer,,
The Bicycle Accessories Company,Guy Gilbert,,
Standard Bikes,Frances Giglio,,
Petroleum Products Distributors,Suzana De Abreu Canuto,,
Quick Parts and Service,Billy Trent,,
Number One Bike Co.,Leo Giakoumakis,,
Handy Bike Services,Grant Culbertson,,
Kickstand Sellers,Robert Barker,,
Moderately-Priced Bikes Store,Gabriel Bockenkamp,,
Friendly Bike Shop,Scott Culp,,
Grand Bicycle Stores,Wayne Banack,,
Grease and Oil Products Company,Michael Blythe,,
Fashionable Bikes and Accessories,Conor Cunningham,,
Flawless Bike Shop,Alberto Baltazar,,
Engineered Bike Systems,Joseph Mitzner,,
City Cycling,Robert Mitosinka,,
Citywide Service and Repair,Thierry D'Hers,,
Nice Bikes,Daniel Blanco,,
Essential Bike Works,Linda Mitchell,,
Work and Play Association,Stephen Ayers,,
Riding Associates,Neva Mitchell,,
Rugged Bikes,Megan Davis,,
The Gear Store,John Arthur,,
Orange Bicycle Company,Frank Miller,,
Principal Bike Company,Alvaro De Matos Miranda Filho,,
Resale Services,Thomas Armstrong,,
Metropolitan Manufacturing,Dylan Miller,,
Low Price Cycles,Ben Miller,,
Finer Riding Supplies,Jacob Dean,,
First-Rate Outlet,Ann Beebe,,
Tachometers and Accessories,Matthew Miller,,
Metro Bike Works,Jo Brown,,
All Cycle Shop,Virginia Miller,,
Year-Round Sports,Scott Gode,,
World of Bikes,Caroline Vicknair,,
Totes & Baskets Company,Robert Vessa,,
"Unicycles, Bicycles, and Tricycles",Andreas Berglund,,
The New Bike Store,Mete Goktepe,,
Technical Parts Manufacturing,Wanda Vernon,,
Retreat Inn,Dora Verdad,,
Scratch-Resistant Finishes Company,John Berger,,
Primary Bike Distributors,Brian Goldstein,,
Nearby Cycle Shop,Raja Venugopal,,
Mail-Order Outlet,Patricia Vasquez,,
Fifth Bike Store,Karren Burkhardt,,
Genial Bike Associates,Abigail Gonzalez,,
Great Bicycle Supply,Ranjit Varkey Chudukatil,,
Bike Universe,Ingrid Burkhardt,,
Bold Bike Accessories,Oscar Alpuerto,,
Exercise Center,Gary Vargas,,
Twelfth Bike Store,Shane Kim,,
Two-Wheeled Transit Company,Joan Campbell,,
Serious Cycles,Maxwell Amland,,
Mail Market,Joe Kim,,
Novelty Bikes,Ramona Antrim,,
Fitness Supplies,Karan Khanna,,
Grand Cycle Store,Sharon Crow,,
Immense Manufacturing Company,Chris Ashton,,
District Mall,Imtiaz Khan,,
Distinctive Store,Jack Creasey,,
Extended Bike Sales,Teresa Atkinson,,
Brown Bicycle Company,Tammy Khan,,
Acceptable Sales & Service,Elizabeth Keyser,,
Custom Sales and Service,Bruno Costa Da Silva,,
Top Bike Market,Katherine Swan,,
Commerce Bicycle Specialists,Mary Kesslep,,
Grand Sport Boutique,Marlin Coriell,,
Fad Outlet,Kevin Kennedy,,
First Department Stores,Eva Corets,,
Bicycle Lines Distributors,Julie Taft-Rider,,
Beneficial Exercises and Activities,Robert Kelly,,
Vehicle Shop,Scott Cooper,,
Sparkling Paint and Finishes,Clarence Tatman,,
Sturdy Toys,John Kelly,,
Road Way Sales and Rental,Victor Kelley,,
Sixth Bike Store,Dorothy Contreras,,
Plastic Parts Company,Mike Taylor,,
Little Sports Center,Bonnie Kearney,,
Online Bike Sellers,June Brunner,,
Capable Sales and Service,Sandeep Katyal,,
Commendable Bikes,Shirley Bruner,,
Big Cycle Mall,Chad Tedford,,
Local Sales and Rental,Peter Houston,,
Brightwork Company,Tom Johnston,,
Pro Sporting Goods,Marian Berch,,
Affordable Sports Equipment,Juanita Holman,,
The Commissary,Eddie Holmes,,
Workout Emporium,Robert Avalos,,
Odometers and Accessories Company,Alexander Berger,,
Leisure Clearing House,Jean Holloway,,
Imaginary Toys,Greg Chapman,,
Impromptu Trips,Angela Barbariol,,
Genuine Bike Shop,Ruth Choin,,
Good Bike Shop,Lee Chapla,,
Exertion Activities Club,Darrell Banks,,
Extreme Riding Supplies,Anthony Chor,,
Fitness Cycling,Forrest Chandler,,
Bikes for Two,Eli Bowen,,
Bikes for Kids and Adults,Stephen Jiang,,
Custom Accessories Company,Dirk Bruno,,
Uttermost Bike Shop,Gustavo Camargo,,
Small Cycle Store,Douglas Baldwin,,
Thorough Parts and Repair Services,Lindsey Camacho,,
Road-Way Mart,James Bailey,,
Satin Finish Company,Carol Elliott,,
Sheet Metal Manufacturing,Barbara Calone,,
Professional Cycle Store,Megan Burke,,
Remarkable Bike Store,Cory Booth,,
Regional Manufacturing,Shannon Elliott,,
Original Bicycle Supply Company,Jauna Elson,,
Courteous Bicycle Specialists,Janaina Barreiro Gambaro Bueno,,
Finer Cycle Shop,Shaun Beasley,,
Action Bicycle Specialists,Terry Eminhizer,,
Roadway Bike Emporium,John Emory,,
A Cycle Shop,Olga Trau,,
Unique Bikes,Jon Ganio,,
"Sleek Bikes ",Gail Erickson,,
Timely Shipping Service,James Tran,,
Riding Excursions,Michael Galos,,
Retail Sporting Equipment,Mark Erickson,,
Price-Cutter Discount Bikes,Martha Espinoza,,
Active Life Toys,Glenn Track,,
General Riding Supplies,Bob Gage,,
Central Bicycle Specialists,Janeth Esteves,,
Blue Bicycle Company,Paul Fulton,,
Vast Bike Sales and Rental,Twanna Evans,,
Wingtip Toys,Delia Toone,,
Social Activities Club,John Ford,,
Summer Sports Place,Ann Evans,,
Racing Toys,Kay Krane,,
Retail Cycle Shop,Mihail Frintu,,
Real Sporting Goods,John Evans,,
Major Cycling,Ruby Sue Styles,,
General Supplies,Lori Kane,,
General Bike Corporation,Susan French,,
Downhill Bicycle Specialists,Gary Suess,,
Bike Experts,Ruth Suffin,,
Bicycle Accessories and Kits,Margaret Smith,,
Cash & Carry Bikes,Dorothy Fox,,
Extraordinary Bike Works,Elizabeth Sullivan,,
Area Bike Accessories,Frances Adams,,
Basic Sports Equipment,Garth Fort,,
Valley Bicycle Distributors,Michael Sullivan,,
Top Sports Supply,Marcia Sultan,,
Valley Toy Store,Amy Alberts,,
Quick Delivery Service,Kelly Focht,,
Metropolitan Bicycle Supply,Krishna Sunkammurali,,
Historic Bicycle Sales,Mae Black,,
Honest Repair Service,Brad Sutton,,
"Great Bikes ",François Ferrier,,
Global Sporting Goods,Mary Bishop,,
Designer Department Stores,Martin Svoboda,,
Fun Toys and Bikes,Robert Ahlering,,
World Bike Discount Store,Jimmy Bischoff,,
Wheel Gallery,Abraham Swearengin,,
Retail Mall,Ryan Calafato,,
Rural Bicycle Supply,Dragan Tomic,,
Seats and Saddles Company,Thomas Michaels,,
Metro Metals Co.,Mari Caldwell,,
Futuristic Sport Distributors,Mary Gimmi,,
Finer Sales and Service,David Givens,,
Fun Times Club,Diane Tibbott,,
Alpine Ski House,Helen Meyer,,
Big-Time Bike Store,Jeanie Glenn,,
The Showroom,Diane Glimp,,
Tenth Bike Store,Yuping Tian,,
Recommended Bicycles,Stephen Mew,,
Prosperous Tours,John Brooks,,
Nonskid Tire Company,Willie Brooks,,
Finer Parts Shop,Andrew Kobylinski,,
Friendly Neighborhood Bikes,R. Morgan Mendoza,,
Valley Bicycle Specialists,Jay Adams,,
Finish and Sealant Products,Christian Kleinerman,,
Field Trip Store,Anton Kirilov,,
Curbside Sporting Goods,Gladys Mendiola,,
Remote Bicycle Specialists,Raquel Mello,,
Vinyl and Plastic Goods Corporation,Samuel Agcaoili,,
Consolidated Messenger,Tim Kim,,
Variety Cycling,Nancy McPhearson,,
Some Discount Store,Nkenge McLin,,
Major Sport Suppliers,Paul Alcorn,,
Mountain Toy Store,Marvin Allen,,
Practical Bike Supply Company,Yvonne McKay,,
Systematic Sales,Sean Jacobson,,
Imported and Domestic Cycles,Michelle Alexander,,
Metallic Paint and Overcoat Co,Richard Bentley,,
Economy Center,Curtis Howard,,
Designated Distributors,Cecil Allison,,
Family's Favorite Bike Shop,Gregory Alderson,,
Area Sheet Metal Supply,Janice Hows,,
Synthetic Materials Manufacturing,George Huckaby,,
The Bike Shop,Carolyn Farino,,
Riders Company,Kim Abercrombie,,
Rural Sales and Service,Joshua Huff,,
Safe Toys,Geri Farrell,,
Professional Sales and Service,Catherine Abel,,
Professional Containers and Packaging Co.,Laura Steele,,
One Bike Company,Shanay Steelman,,
Our Sporting Goods Store,Rhoda Finley,,
General Cycle Storehouse,Pat Chambers,,
Cycling Goods,Stefano Stefani,,
Cycle Clearance,Alan Steiner,,
Coho Sports,Kathie Flood,,
All Seasons Sports Supply,Bob Hodges,,
Black Bicycle Company,Derik Stenerson,,
Westside Plaza,Raul Casts,,
Strenuous Exercise Shop,Holly Holt,,
Transport Bikes,Vassar Stern,,
Sellers of Cycles,Wathalee Steuber,,
Outstanding Cycles,Matthew Cavallari,,
Little Bicycle Supply Shop,Helge Hoeing,,
Maintenance and Repair for Bicycles,Alice Steiner,,
Golf and Cycle Store,Steven Brown,,
Good Toys,David Hodgson,,
Fitness Department Stores,Liza Marie Stevens,,
Famous Bike Shop,Jim Stewart,,
Tubeless Tire Company,Arlene Huff,,
Tires and Tubes,Matthew Hunter,,
Running and Cycling Gear,Matthew Hink,,
Gift and Toy Store,Robert Stotka,,
Hardware Components,Phyllis Huntsman,,
First Cycle Store,Mike Hines,,
Major Sporting Goods,Kayla Stotler,,
Retail Sporting Goods,Lawrence Hurkett,,
Efficient Cycling,Ryan Ihrig,,
Eastside Parts Shop,Andrew Hill,,
Tandem Sales and Service,Robert Lyeba,,
Sports Store,Roger Van Houten,,
Reliable Retail Center,Robert Lyon,,
Extended Tours,Rose Vandenouer,,
Friendly Bike Shop,Denise Maccietto,,
Convenient Sales and Service,Gregory Vanderbout,,
Superior Hardware Distributors,Ronald Heymsfield,,
Yellow Bicycle Company,Scott MacDonald,,
Solid Bike Parts,Michael Vanderhyde,,
Small Bike Shop,Cheryl Herring,,
Sports Products Store,Walter Mays,,
Permanent Finish Products,Margaret Vanderkamp,,
Mercantile Outlet,Kara Vanderlinden,,
Online Bike Warehouse,Jésus Hernandez,,
Operational Manufacturing,Irene Hernandez,,
Shipping Specialists,Ajay Manchepalli,,
Exhilarating Cycles,Nieves Vargas,,
General Department Stores,Kari Hensien,,
Authentic Sales and Service,Tomas Manzanares,,
Official Parts Shop,Kathy Marcovecchio,,
Racing Bike Outlet,Patricia Doyle,,
First Bike Store,Valerie Hendricks,,
"Contoso, Ltd.",Jill Markwood,,
Utilitarian Sporting Goods,Gerald Drury,,
Countryside Company,John Hanson,,
Discount Tours,Melissa Marple,,
Tire Exchange,Cecelia Marshall,,
Vigorous Exercise Company,Reuben D'sa,,
Superb Sales and Repair,Brenda Heaney,,
Oils and Fluids Warehouse,Linda Martin,,
Family Cycle Store,James Haugh,,
Consumer Equipment,Sandra Martinez,,
Successful Sales Company,Bev Desalvo,,
Stock Parts and Supplies,Bart Duncan,,
The Accessories Store,Ann Hass,,
Responsible Bike Dealers,Rob Caron,,
Roadway Supplies,Maciej Dusza,,
Brakes and Gears,Roger Harui,,
Western Bike Supplies,Andy Carothers,,
Future Bikes,Linda Ecoffey,,
Largest Bike Store,Peter Kurniawan,,
Kickstands and Accessories Company,Eric Lang,,
A Typical Bike Shop,Christie Trujillo,,
Fasteners & Bolts Outlet,Phyllis Tuffield,,
Quantity Discounts,Sairaj Uddin,,
Swift Cycles,Sunil Uppal,,
Large Bike Shop,Esther Valle,,
Wire Baskets and Parts,Jessie Valerio,,
Retreat Inn,Dora Verdad,,
Technical Parts Manufacturing,Wanda Vernon,,
Totes & Baskets Company,Robert Vessa,,
World of Bikes,Caroline Vicknair,,
Tenth Bike Store,Yuping Tian,,
Fun Times Club,Diane Tibbott,,
Wingtip Toys,Delia Toone,,
Active Life Toys,Glenn Track,,
Quick Parts and Service,Billy Trent,,
Professional Containers and Packaging Co.,Laura Steele,,
One Bike Company,Shanay Steelman,,
Cycling Goods,Stefano Stefani,,
Cycle Clearance,Alan Steiner,,
Black Bicycle Company,Derik Stenerson,,
Extended Tours,Rose Vandenouer,,
Convenient Sales and Service,Gregory Vanderbout,,
Solid Bike Parts,Michael Vanderhyde,,
Permanent Finish Products,Margaret Vanderkamp,,
Mercantile Outlet,Kara Vanderlinden,,
Exhilarating Cycles,Nieves Vargas,,
Exercise Center,Gary Vargas,,
Great Bicycle Supply,Ranjit Varkey Chudukatil,,
Mail-Order Outlet,Patricia Vasquez,,
Sellers of Cycles,Wathalee Steuber,,
Maintenance and Repair for Bicycles,Alice Steiner,,
Fitness Department Stores,Liza Marie Stevens,,
Famous Bike Shop,Jim Stewart,,
Gift and Toy Store,Robert Stotka,,
Major Sporting Goods,Kayla Stotler,,
Major Cycling,Ruby Sue Styles,,
Downhill Bicycle Specialists,Gary Suess,,
Bike Experts,Ruth Suffin,,
Extraordinary Bike Works,Elizabeth Sullivan,,
Valley Bicycle Distributors,Michael Sullivan,,
Top Sports Supply,Marcia Sultan,,
Honest Repair Service,Brad Sutton,,
Wheel Gallery,Abraham Swearengin,,
Top Bike Market,Katherine Swan,,
Bicycle Lines Distributors,Julie Taft-Rider,,
Sparkling Paint and Finishes,Clarence Tatman,,
Plastic Parts Company,Mike Taylor,,
Big Cycle Mall,Chad Tedford,,
Eighth Bike Store,Vanessa Tench,,
Demand Distributors,Judy Thames,,
Red Bicycle Company,Phyllis Thomas,,
Trendy Department Stores,Donald Thompson,,
Vintage Sport Boutique,Kendra Thompson,,
Travel Sports,Daniel Thompson,,