Title,FirstName,MiddleName,LastName
Mr.,Orlando,N.,Gee
Mr.,Keith,,Harris
Ms.,Donna,F.,Carreras
Ms.,Janet,M.,Gates
Mr.,Lucy,,Harrington
Ms.,Rosmarie,J.,Carroll
Mr.,Dominic,P.,Gash
Ms.,Kathleen,M.,Garza
Ms.,Katherine,,Harding
Mr.,Johnny,A.,Caprio
Mr.,Christopher,R.,Beck
Mr.,David,J.,Liu
Mr.,John,A.,Beaver
Ms.,Jean,P.,Handley
,Jinghao,,Liu
Ms.,Linda,E.,Burnett
Mr.,Kerim,,Hanif
Mr.,Kevin,,Liu
Mr.,Donald,L.,Blanton
Ms.,Jackie,E.,Blackwell
Mr.,Bryan,,Hamilton
Mr.,Todd,R.,Logan
Ms.,Barbara,J.,German
Mr.,Jim,,Geist
Ms.,Betty,M.,Haines
Ms.,Sharon,J.,Looney
Mr.,Darren,,Gehring
Ms.,Erin,M.,Hagens
Mr.,Jeremy,,Los
Ms.,Elsa,,Leavitt
Mr.,David,O,Lawrence
Ms.,Hattie,J.,Haemon
Ms.,Anita,R.,Lucerne
Ms.,Rebecca,,Laszlo
Mr.,Eric,,Lang
Mr.,Brian,,Groth
Ms.,Judy,R.,Lundahl
Mr.,Peter,,Kurniawan
Mr.,Douglas,,Groncki
Mr.,Sean,J.,Lunt
Mr.,Jeffrey,,Kurtz
Mr.,Vamsi,,Kuppa
Ms.,Jane,P.,Greer
Mr.,Alexander,J.,Deborde
Mr.,Deepak,,Kumar
Ms.,Margaret,T.,Krupka
Mr.,Christopher,M.,Bright
Ms.,Aidan,,Delaney
Mr.,James,J.,Krow
Mr.,Michael,,Brundage
Mr.,Stefan,,Delmarco
Mr.,Mitch,,Kennedy
Mr.,James,D.,Kramer
Mr.,Eric,J.,Brumfield
Ms.,Della,F.,Demott Jr
Ms.,Pamala,M.,Kotc
Ms.,Joy,R.,Koski
Ms.,Jovita,A.,Carmody
Mr.,Prashanth,,Desai
Mr.,Scott,,Konersmann
Ms.,Jane,N.,Carmichael
Ms.,Bonnie,B.,Lepro
Mr.,Eugene,,Kogan
Mr.,Kirk,T,King
Mr.,William,J.,Conner
Ms.,Linda,,Leste
Ms.,Andrea,A.,Thomsen
Mr.,Daniel,P.,Thompson
Ms.,Kendra,N.,Thompson
Mr.,Scott,A.,Colvin
Ms.,Elsie,L.,Lewin
Mr.,Donald,M.,Thompson
Mr.,John,L.,Colon
Mr.,George,Z.,Li
Mr.,Yale,,Li
Ms.,Phyllis,A.,Thomas
Mr.,Pat,,Coleman
Ms.,Yuhong,,Li
Mr.,Joseph,M.,Lique
Ms.,Judy,J.,Thames
Ms.,Connie,L.,Coffman
Mr.,Paulo,H.,Lisboa
Ms.,Vanessa,J.,Tench
Ms.,Teanna,M.,Cobb
Mr.,Michael,,Graff
Mr.,Derek,,Graham
,Gytis,M,Barzdukas
Ms.,Jane,,Clayton
Mr.,Jon,,Grande
Mr.,Ted,,Bremer
Mr.,Richard,,Bready
Ms.,Alice,,Clark
Mr.,Alan,,Brewer
Mr.,Cornelius,L.,Brandon
Ms.,Jill,J.,Christie
Mr.,Walter,J.,Brian
Mr.,Carlton,M.,Carlisle
Mr.,Joseph,N.,Castellucio
Mr.,Lester,J.,Bowman
Ms.,Brigid,F.,Cavendish
Mr.,Andrew,,Cencini
Ms.,Cindy,M.,Dodd
Mr.,Randall,,Boseman
Ms.,Stacey,M.,Cereghino
Mr.,Blaine,,Dockter
Sr.,Luis,,Bonifaz
Ms.,Brenda,,Diaz
Ms.,Gabriele,,Dickmann
Mr.,Rudolph,J.,Dillon
Mr.,Michael,L.,Bohling
Mr.,Dick,,Dievendorff
Ms.,Nicky,E.,Chesnut
Mr.,Michael,J.,Lee
Mr.,Stanley,A.,Alan
Mr.,Yao-Qiang,,Cheng
Ms.,Marjorie,M.,Lee
Mr.,Sandeep,,Kaliyath
Mr.,Pei,,Chow
Mr.,Frank,,Campbell
Mr.,Mark,,Lee
Ms.,Sandra,T.,Kitt
Mr.,Hao,,Chen
Ms.,Jolie,,Lenehan
Ms.,Diane,F.,Krane
Mr.,Payton,P.,Benson
Mr.,Roger,,Lengel
Ms.,Peggy,J.,Justice
Ms.,Edna,J.,Benson
,A.,Francesca,Leonetti
Ms.,Jean,,Jordan
Mr.,Ido,,Ben-Sachar
Mr.,Frank,,Mart¡nez
Mr.,Steve,,Masters
Mr.,Robert,E.,Jones
Mr.,Josh,,Barnhill
Ms.,Jennifer,J.,Maxham
Mr.,Chris,,Maxwell
Mr.,David,,Johnson
Mr.,Brian,,Johnson
Mr.,Robert,,Brown
Ms.,Sandra,B.,Maynard
Mr.,Barry,,Johnson
Ms.,Joyce,,Jarvis
Ms.,Vance,P.,Johns
Ms.,Robin,M.,McGuigan
Ms.,Danielle,B.,Johnson
Mr.,David,,Jaffe
Ms.,Mary,,Alexander
Ms.,Lola,M.,McCarthy
Ms.,Mary,K.,Browning
Ms.,Jodan,M.,Jacobson
Ms.,Jane,A.,McCarty
Mr.,Jessie,E.,Valerio
Mr.,Eric,A.,Jacobsen
Mr.,Bronson,R.,Jacobs
Mr.,James,L.,McCoy
Ms.,Esther,K.,Valle
Ms.,Denean,J.,Ison
Mr.,Erik,,Ismert
Mr.,Robert,M.,Bernacchi
Mr.,Sunil,,Uppal
Mr.,Richard,L.,Irwin
Mr.,Matthias,,Berndt
Mr.,Sairaj,,Uddin
Mr.,Lucio,,Iallo
Ms.,Beth,,Inghram
Mr.,Timothy,B.,Burnett
Ms.,Phyllis,B.,Tuffield
Mr.,Richard,A.,Byham
Mr.,Jared,L.,Bustamante
Mr.,Henry,L.,Campen
Ms.,Christie,J.,Trujillo
Ms.,Janet,J.,Gilliat
Mr.,Chris,,Cannon
Mr.,Michael John,R.,Troyer
Mr.,Guy,,Gilbert
Mr.,Frances,J.,Giglio
Ms.,Suzana De Abreu,A.,Canuto
Mr.,Billy,J.,Trent
Mr.,Leo,,Giakoumakis
Mr.,Grant,,Culbertson
Mr.,Robert,L.,Barker
Ms.,Gabriel,L.,Bockenkamp
Mr.,Scott,,Culp
Mr.,Wayne,N.,Banack
Mr.,Michael,Greg,Blythe
Mr.,Conor,,Cunningham
Mr.,Alberto,F.,Baltazar
Mr.,Joseph,P.,Mitzner
Mr.,Robert,,Mitosinka
Mr.,Thierry,,D'Hers
Mr.,Daniel,,Blanco
Ms.,Linda,,Mitchell
Mr.,Stephen,M.,Ayers
Ms.,Neva,M.,Mitchell
Ms.,Megan,N.,Davis
Mr.,John,,Arthur
Mr.,Frank,,Miller
Sr.,Alvaro,,De Matos Miranda Filho
Mr.,Thomas,B.,Armstrong
Mr.,Dylan,,Miller
Mr.,Ben,,Miller
Mr.,Jacob,N.,Dean
Ms.,Ann,,Beebe
Mr.,Matthew,J.,Miller
Mr.,Jo,,Brown
Ms.,Virginia,L.,Miller
Mr.,Scott,,Gode
Ms.,Caroline,A.,Vicknair
Mr.,Robert,R.,Vessa
,Andreas,,Berglund
Mr.,Mete,,Goktepe
Ms.,Wanda,F.,Vernon
Ms.,Dora,P.,Verdad
Mr.,John,M.,Berger
Mr.,Brian,R,Goldstein
Mr.,Raja,D.,Venugopal
Ms.,Patricia,M.,Vasquez
Ms.,Karren,K.,Burkhardt
Ms.,Abigail,J.,Gonzalez
Mr.,Ranjit,Rudra,Varkey Chudukatil
Ms.,Ingrid,K.,Burkhardt
Mr.,Oscar,L.,Alpuerto
Mr.,Gary,T,Vargas
Mr.,Shane,S.,Kim
Ms.,Joan,M.,Campbell
Mr.,Maxwell,J.,Amland
Mr.,Joe,,Kim
Ms.,Ramona,J.,Antrim
Ms.,Karan,,Khanna
Ms.,Sharon,A.,Crow
Mr.,Chris,,Ashton
Mr.,Imtiaz,,Khan
Mr.,Jack,,Creasey
Ms.,Teresa,,Atkinson
Ms.,Tammy,J.,Khan
Ms.,Elizabeth,,Keyser
Mr.,Bruno,,Costa Da Silva
Ms.,Katherine,K.,Swan
Ms.,Mary,R.,Kesslep
Mr.,Marlin,M.,Coriell
Mr.,Kevin,,Kennedy
Ms.,Eva,,Corets
Ms.,Julie,,Taft-Rider
Mr.,Robert,,Kelly
Mr.,Scott,,Cooper
Mr.,Clarence,R.,Tatman
Mr.,John,,Kelly
Mr.,Victor,A.,Kelley
Ms.,Dorothy,J.,Contreras
Mr.,Mike,M.,Taylor
Ms.,Bonnie,,Kearney
Ms.,June,B.,Brunner
Mr.,Sandeep,,Katyal
Ms.,Shirley,R.,Bruner
Mr.,Chad,J.,Tedford
Mr.,Peter,,Houston
Mr.,Tom,H,Johnston
Ms.,Marian,M.,Berch
Ms.,Juanita,J.,Holman
Mr.,Eddie,M.,Holmes
Mr.,Robert,A.,Avalos
Mr.,Alexander,J.,Berger
Ms.,Jean,J.,Holloway
Mr.,Greg,,Chapman
Ms.,Angela,,Barbariol
Ms.,Ruth,A.,Choin
Mr.,Lee,J.,Chapla
Mr.,Darrell,M.,Banks
Mr.,Anthony,,Chor
Mr.,Forrest,J.,Chandler
Mr.,Eli,,Bowen
Mr.,Stephen,Yuan,Jiang
Mr.,Dirk,J.,Bruno
Sr.,Gustavo,,Camargo
Mr.,Douglas,A.,Baldwin
Ms.,Lindsey,R.,Camacho
Mr.,James,B.,Bailey
Ms.,Carol,B.,Elliott
Ms.,Barbara,J.,Calone
Ms.,Megan,E.,Burke
Mr.,Cory,K.,Booth
Ms.,Shannon,P.,Elliott
Ms.,Jauna,E.,Elson
Sra.,Janaina Barreiro Gambaro,,Bueno
Mr.,Shaun,,Beasley
Mr.,Terry,,Eminhizer
Mr.,John,,Emory
Ms.,Olga,J.,Trau
Mr.,Jon,,Ganio
Ms.,Gail,,Erickson
Mr.,James,R.,Tran
Mr.,Michael,,Galos
Mr.,Mark,B,Erickson
Ms.,Martha,R.,Espinoza
Mr.,Glenn,J.,Track
Mr.,Bob,,Gage
Sra.,Janeth,,Esteves
Mr.,Paul,J.,Fulton
Ms.,Twanna,R.,Evans
Ms.,Delia,B.,Toone
Mr.,John,,Ford
Ms.,Ann,R.,Evans
Ms.,Kay,E.,Krane
Mr.,Mihail,,Frintu
Mr.,John,,Evans
Ms.,Ruby Sue,R.,Styles
Ms.,Lori,,Kane
Ms.,Susan,E.,French
Mr.,Gary,J.,Suess
Ms.,Ruth,J.,Suffin
Ms.,Margaret,J.,Smith
Ms.,Dorothy,J.,Fox
Ms.,Elizabeth,J.,Sullivan
Ms.,Frances,B.,Adams
Mr.,Garth,,Fort
Mr.,Michael,,Sullivan
Ms.,Marcia,J.,Sultan
Ms.,Amy,E.,Alberts
Ms.,Kelly,,Focht
Mr.,Krishna,,Sunkammurali
Ms.,Mae,M.,Black
Mr.,Brad,,Sutton
Mr.,François,,Ferrier
Mr.,Mary,,Bishop
Mr.,Martin,J.,Svoboda
Mr.,Robert,E.,Ahlering
Mr.,Jimmy,,Bischoff
Mr.,Abraham,L.,Swearengin
Mr.,Ryan,,Calafato
Mr.,Dragan,,Tomic
Mr.,Thomas,R.,Michaels
Ms.,Mari,B.,Caldwell
Ms.,Mary,M.,Gimmi
Mr.,David,L.,Givens
Ms.,Diane,,Tibbott
Ms.,Helen,M.,Meyer
Ms.,Jeanie,R.,Glenn
Ms.,Diane,R.,Glimp
Ms.,Yuping,,Tian
Mr.,Stephen,A.,Mew
Mr.,John,R.,Brooks
Mr.,Willie,P.,Brooks
Mr.,Andrew,P.,Kobylinski
Mr.,R. Morgan,L.,Mendoza
Mr.,Jay,,Adams
Mr.,Christian,,Kleinerman
Mr.,Anton,,Kirilov
Ms.,Gladys,F.,Mendiola
Ms.,Raquel,,Mello
Mr.,Samuel,N.,Agcaoili
Mr.,Tim,,Kim
Ms.,Nancy,A.,McPhearson
Ms.,Nkenge,,McLin
Mr.,Paul,L.,Alcorn
Mr.,Marvin,N.,Allen
Ms.,Yvonne,,McKay
Mr.,Sean,P.,Jacobson
Ms.,Michelle,,Alexander
Mr.,Richard,M.,Bentley
Mr.,Curtis,P.,Howard
Mr.,Cecil,J.,Allison
Mr.,Gregory,F.,Alderson
Ms.,Janice,K.,Hows
Mr.,George,M.,Huckaby
Ms.,Carolyn,,Farino
Ms.,Kim,,Abercrombie
Mr.,Joshua,J.,Huff
Ms.,Geri,P.,Farrell
Ms.,Catherine,R.,Abel
Ms.,Laura,C.,Steele
Ms.,Shanay,B.,Steelman
Ms.,Rhoda,J.,Finley
Mr.,Pat,A.,Chambers
Mr.,Stefano,,Stefani
Mr.,Alan,,Steiner
Ms.,Kathie,,Flood
Mr.,Bob,,Hodges
Mr.,Derik,,Stenerson
Mr.,Raul,E.,Casts
Ms.,Holly,J.,Holt
Mr.,Vassar,J.,Stern
Ms.,Wathalee,R.,Steuber
Mr.,Matthew,J.,Cavallari
Ms.,Helge,,Hoeing
Ms.,Alice,M.,Steiner
Mr.,Steven,B.,Brown
Mr.,David,,Hodgson
Ms.,Liza Marie,N.,Stevens
Mr.,Jim,,Stewart
Ms.,Arlene,,Huff
Mr.,Matthew,M.,Hunter
Mr.,Matthew,,Hink
Mr.,Robert,B.,Stotka
Ms.,Phyllis,R.,Huntsman
Mr.,Mike,,Hines
Ms.,Kayla,M.,Stotler
Mr.,Lawrence,E.,Hurkett
Mr.,Ryan,,Ihrig
Mr.,Andrew,R.,Hill
Mr.,Robert,P.,Lyeba
Mr.,Roger,,Van Houten
Mr.,Robert,,Lyon
Ms.,Rose,M.,Vandenouer
Ms.,Denise,R.,Maccietto
Mr.,Gregory,T.,Vanderbout
Mr.,Ronald,K.,Heymsfield
Mr.,Scott,,MacDonald
Mr.,Michael,,Vanderhyde
Ms.,Cheryl,M.,Herring
Mr.,Walter,J.,Mays
Ms.,Margaret,J.,Vanderkamp
Ms.,Kara,N.,Vanderlinden
Mr.,Jésus,,Hernandez
Ms.,Irene,J.,Hernandez
Mr.,Ajay,,Manchepalli
Mr.,Nieves,J.,Vargas
Mr.,Kari,,Hensien
Mr.,Tomas,M.,Manzanares
Ms.,Kathy,R.,Marcovecchio
Ms.,Patricia,,Doyle
Ms.,Valerie,M.,Hendricks
Ms.,Jill,K.,Markwood
Mr.,Gerald,M.,Drury
Mr.,John,,Hanson
Ms.,Melissa,R.,Marple
Ms.,Cecelia,L.,Marshall
Mr.,Reuben,,D'sa
Ms.,Brenda,F.,Heaney
Ms.,Linda,,Martin
Mr.,James,B.,Haugh
Ms.,Sandra,I.,Martinez
Ms.,Bev,L.,Desalvo
Mr.,Bart,,Duncan
Ms.,Ann,T.,Hass
Mr.,Rob,,Caron
Mr.,Maciej,,Dusza
Mr.,Roger,,Harui
Mr.,Andy,,Carothers
Ms.,Linda,R.,Ecoffey
Ms.,Catherine,R.,Abel
Ms.,Kim,,Abercrombie
Ms.,Frances,B.,Adams
Ms.,Margaret,J.,Smith
Mr.,Jay,,Adams
Mr.,Samuel,N.,Agcaoili
Mr.,Robert,E.,Ahlering
Mr.,François,,Ferrier
Ms.,Amy,E.,Alberts
Mr.,Paul,L.,Alcorn
Mr.,Gregory,F.,Alderson
Ms.,Michelle,,Alexander
Mr.,Sean,P.,Jacobson
Mr.,Marvin,N.,Allen
Mr.,Cecil,J.,Allison
Mr.,Oscar,L.,Alpuerto
Mr.,Maxwell,J.,Amland
Ms.,Ramona,J.,Antrim
Mr.,Tom,H,Johnston
Mr.,Thomas,B.,Armstrong
Mr.,John,,Arthur
Mr.,Chris,,Ashton
Ms.,Teresa,,Atkinson
Mr.,Robert,A.,Avalos
Mr.,Stephen,M.,Ayers
Mr.,Daniel,,Blanco
Mr.,Cory,K.,Booth
Mr.,James,B.,Bailey
Mr.,Douglas,A.,Baldwin
Mr.,Wayne,N.,Banack
Mr.,Robert,L.,Barker
Mr.,Josh,,Barnhill
,Gytis,M,Barzdukas
Mr.,Shaun,,Beasley
Mr.,John,A.,Beaver
Mr.,Christopher,R.,Beck
Ms.,Ann,,Beebe
Mr.,Stanley,A.,Alan
Ms.,Edna,J.,Benson
Mr.,Payton,P.,Benson
Mr.,Alexander,J.,Berger
Mr.,John,M.,Berger
Mr.,Robert,M.,Bernacchi
Mr.,Matthias,,Berndt
Mr.,Steven,B.,Brown
Mr.,Jimmy,,Bischoff
Ms.,Mae,M.,Black
Ms.,Jackie,E.,Blackwell
Mr.,Donald,L.,Blanton
Ms.,Linda,E.,Burnett
Mr.,Michael,Greg,Blythe
Ms.,Gabriel,L.,Bockenkamp
Sr.,Luis,,Bonifaz
Mr.,Randall,,Boseman
Mr.,Eli,,Bowen
Mr.,Lester,J.,Bowman
Mr.,Cornelius,L.,Brandon
Mr.,Richard,,Bready
Mr.,Ted,,Bremer
Mr.,Alan,,Brewer
Mr.,Walter,J.,Brian
Mr.,Christopher,M.,Bright
Mr.,John,R.,Brooks
Mr.,Willie,P.,Brooks
Mr.,Jo,,Brown
Mr.,Robert,,Brown
Ms.,Mary,K.,Browning
Mr.,Eric,J.,Brumfield
Mr.,Michael,,Brundage
Ms.,Shirley,R.,Bruner
Ms.,June,B.,Brunner
Mr.,Dirk,J.,Bruno
Sra.,Janaina Barreiro Gambaro,,Bueno
Ms.,Megan,E.,Burke
Ms.,Karren,K.,Burkhardt
Mr.,Timothy,B.,Burnett
Mr.,Jared,L.,Bustamante
Mr.,Richard,A.,Byham
Mr.,Ryan,,Calafato
Ms.,Mari,B.,Caldwell
Ms.,Barbara,J.,Calone
Ms.,Lindsey,R.,Camacho
Sr.,Gustavo,,Camargo
Ms.,Joan,M.,Campbell
Mr.,Henry,L.,Campen
Mr.,Chris,,Cannon
Ms.,Suzana De Abreu,A.,Canuto
Mr.,Johnny,A.,Caprio
Mr.,Carlton,M.,Carlisle
Ms.,Jane,N.,Carmichael
Ms.,Jovita,A.,Carmody
Mr.,Rob,,Caron
Mr.,Andy,,Carothers
Ms.,Donna,F.,Carreras
Ms.,Rosmarie,J.,Carroll
Mr.,Joseph,N.,Castellucio
Mr.,Raul,E.,Casts
Mr.,Matthew,J.,Cavallari
Ms.,Brigid,F.,Cavendish
Mr.,Andrew,,Cencini
Ms.,Stacey,M.,Cereghino
Mr.,Pat,A.,Chambers
Mr.,Forrest,J.,Chandler
Mr.,Lee,J.,Chapla
Mr.,Pei,,Chow
Mr.,Yao-Qiang,,Cheng
Ms.,Nicky,E.,Chesnut
Ms.,Ruth,A.,Choin
Mr.,Anthony,,Chor
Ms.,Jill,J.,Christie
Ms.,Alice,,Clark
Ms.,Jane,,Clayton
Ms.,Connie,L.,Coffman
Mr.,Pat,,Coleman
Mr.,John,L.,Colon
Mr.,Scott,A.,Colvin
Mr.,William,J.,Conner
Ms.,Dorothy,J.,Contreras
Mr.,Scott,,Cooper
Ms.,Eva,,Corets
Mr.,Marlin,M.,Coriell
Mr.,Jack,,Creasey
Mr.,Grant,,Culbertson
Mr.,Scott,,Culp
Mr.,Conor,,Cunningham
Mr.,Thierry,,D'Hers
Ms.,Megan,N.,Davis
Sr.,Alvaro,,De Matos Miranda Filho
Mr.,Jacob,N.,Dean
Mr.,Alexander,J.,Deborde
Ms.,Aidan,,Delaney
Mr.,Stefan,,Delmarco
Ms.,Della,F.,Demott Jr
Mr.,Prashanth,,Desai
Ms.,Bev,L.,Desalvo
Ms.,Brenda,,Diaz
Ms.,Gabriele,,Dickmann
Mr.,Dick,,Dievendorff
Mr.,Rudolph,J.,Dillon
Mr.,Blaine,,Dockter
Ms.,Cindy,M.,Dodd
Ms.,Patricia,,Doyle
Mr.,Gerald,M.,Drury
Mr.,Reuben,,D'sa
Mr.,Bart,,Duncan
Mr.,Maciej,,Dusza
Ms.,Linda,R.,Ecoffey
Ms.,Carol,B.,Elliott
Ms.,Shannon,P.,Elliott
Ms.,Jauna,E.,Elson
Mr.,Terry,,Eminhizer
Mr.,John,,Emory
Ms.,Gail,,Erickson
Mr.,Mark,B,Erickson
Ms.,Martha,R.,Espinoza
Sra.,Janeth,,Esteves
Ms.,Twanna,R.,Evans
Ms.,Ann,R.,Evans
Mr.,John,,Evans
Ms.,Carolyn,,Farino
Ms.,Geri,P.,Farrell
Ms.,Rhoda,J.,Finley
Ms.,Kathie,,Flood
Ms.,Kelly,,Focht
Mr.,Garth,,Fort
Ms.,Dorothy,J.,Fox
Ms.,Susan,E.,French
Mr.,Mihail,,Frintu
Mr.,John,,Ford
Mr.,Paul,J.,Fulton
Mr.,Bob,,Gage
Mr.,Michael,,Galos
Mr.,Jon,,Ganio
Ms.,Kathleen,M.,Garza
Mr.,Dominic,P.,Gash
Ms.,Janet,M.,Gates
Mr.,Orlando,N.,Gee
Mr.,Darren,,Gehring
Mr.,Jim,,Geist
Ms.,Barbara,J.,German
Mr.,Leo,,Giakoumakis
Mr.,Frances,J.,Giglio
Mr.,Guy,,Gilbert
Ms.,Janet,J.,Gilliat
Ms.,Mary,M.,Gimmi
Ms.,Jeanie,R.,Glenn
Ms.,Diane,R.,Glimp
Mr.,Scott,,Gode
Mr.,Mete,,Goktepe
Mr.,Brian,R,Goldstein
Ms.,Abigail,J.,Gonzalez
Mr.,Michael,,Graff
Mr.,Derek,,Graham
Mr.,Jon,,Grande
Ms.,Jane,P.,Greer
Mr.,Douglas,,Groncki
Mr.,Brian,,Groth
Ms.,Hattie,J.,Haemon
Ms.,Erin,M.,Hagens
Ms.,Betty,M.,Haines
Mr.,Bryan,,Hamilton
Mr.,Kerim,,Hanif
Ms.,Jean,P.,Handley
Ms.,Katherine,,Harding
Mr.,Lucy,,Harrington
Mr.,Keith,,Harris
Mr.,Roger,,Harui
Ms.,Ann,T.,Hass
Mr.,James,B.,Haugh
Ms.,Brenda,F.,Heaney
Mr.,John,,Hanson
Ms.,Valerie,M.,Hendricks
Mr.,Kari,,Hensien
Ms.,Irene,J.,Hernandez
Mr.,Jésus,,Hernandez
Ms.,Cheryl,M.,Herring
Mr.,Ronald,K.,Heymsfield
Mr.,Andrew,R.,Hill
Mr.,Mike,,Hines
Mr.,Matthew,,Hink
Mr.,David,,Hodgson
Ms.,Helge,,Hoeing
Mr.,Bob,,Hodges
Ms.,Jean,J.,Holloway
Mr.,Eddie,M.,Holmes
Ms.,Juanita,J.,Holman
Mr.,Peter,,Houston
Mr.,Curtis,P.,Howard
Ms.,Janice,K.,Hows
Mr.,George,M.,Huckaby
Mr.,Joshua,J.,Huff
Ms.,Arlene,,Huff
Ms.,Phyllis,R.,Huntsman
Mr.,Lawrence,E.,Hurkett
Mr.,Ryan,,Ihrig
Ms.,Beth,,Inghram
Mr.,Lucio,,Iallo
Mr.,Richard,L.,Irwin
Mr.,Erik,,Ismert
Ms.,Denean,J.,Ison
Mr.,Bronson,R.,Jacobs
Mr.,Eric,A.,Jacobsen
Ms.,Jodan,M.,Jacobson
Ms.,Mary,,Alexander
Mr.,David,,Jaffe
Ms.,Vance,P.,Johns
Ms.,Joyce,,Jarvis
Mr.,Stephen,Yuan,Jiang
Ms.,Danielle,B.,Johnson
Mr.,Barry,,Johnson
Mr.,Brian,,Johnson
Mr.,David,,Johnson
Ms.,Jean,,Jordan
Ms.,Peggy,J.,Justice
Ms.,Diane,F.,Krane
Ms.,Sandra,T.,Kitt
Mr.,Sandeep,,Kaliyath
Ms.,Lori,,Kane
Ms.,Kay,E.,Krane
Mr.,Sandeep,,Katyal
Mr.,Victor,A.,Kelley
Mr.,John,,Kelly
Mr.,Robert,,Kelly
Mr.,Kevin,,Kennedy
Ms.,Mary,R.,Kesslep
Ms.,Elizabeth,,Keyser
Mr.,Imtiaz,,Khan
Ms.,Karan,,Khanna
Mr.,Joe,,Kim
Mr.,Shane,S.,Kim
Mr.,Tim,,Kim
Mr.,Anton,,Kirilov
Mr.,Christian,,Kleinerman
Mr.,Andrew,P.,Kobylinski
Mr.,Kirk,T,King
Mr.,Eugene,,Kogan
Mr.,Scott,,Konersmann
Ms.,Joy,R.,Koski
Ms.,Pamala,M.,Kotc
Mr.,Mitch,,Kennedy
Ms.,Margaret,T.,Krupka
Mr.,Deepak,,Kumar
Mr.,Vamsi,,Kuppa
Mr.,Jeffrey,,Kurtz
Mr.,Peter,,Kurniawan
Mr.,Eric,,Lang
Ms.,Rebecca,,Laszlo
Mr.,David,O,Lawrence
Ms.,Elsa,,Leavitt
Mr.,Michael,J.,Lee
Ms.,Marjorie,M.,Lee
Mr.,Frank,,Campbell
Mr.,Mark,,Lee
Ms.,Jolie,,Lenehan
Mr.,Roger,,Lengel
,A.,Francesca,Leonetti
Ms.,Bonnie,B.,Lepro
Ms.,Linda,,Leste
Ms.,Elsie,L.,Lewin
Mr.,George,Z.,Li
Mr.,Yale,,Li
Ms.,Yuhong,,Li
Mr.,Joseph,M.,Lique
Mr.,Paulo,H.,Lisboa
Mr.,David,J.,Liu
,Jinghao,,Liu
Mr.,Kevin,,Liu
Mr.,Todd,R.,Logan
Ms.,Sharon,J.,Looney
Ms.,Anita,R.,Lucerne
Ms.,Judy,R.,Lundahl
Mr.,Robert,P.,Lyeba
Mr.,Robert,,Lyon
Ms.,Denise,R.,Maccietto
Mr.,Scott,,MacDonald
Mr.,Walter,J.,Mays
Mr.,Ajay,,Manchepalli
Mr.,Tomas,M.,Manzanares
Ms.,Kathy,R.,Marcovecchio
Ms.,Melissa,R.,Marple
Ms.,Cecelia,L.,Marshall
Ms.,Linda,,Martin
Mr.,Frank,,Mart¡nez
Mr.,Steve,,Masters
Ms.,Jennifer,J.,Maxham
Mr.,Chris,,Maxwell
Ms.,Sandra,B.,Maynard
Ms.,Robin,M.,McGuigan
Ms.,Lola,M.,McCarthy
Ms.,Jane,A.,McCarty
Mr.,James,L.,McCoy
Ms.,Yvonne,,McKay
Ms.,Nkenge,,McLin
Ms.,Nancy,A.,McPhearson
Ms.,Raquel,,Mello
Mr.,R. Morgan,L.,Mendoza
Mr.,Stephen,A.,Mew
Ms.,Helen,M.,Meyer
Mr.,Thomas,R.,Michaels
Ms.,Virginia,L.,Miller
Mr.,Matthew,J.,Miller
Mr.,Ben,,Miller
Mr.,Dylan,,Miller
Mr.,Frank,,Miller
Ms.,Neva,M.,Mitchell
Ms.,Linda,,Mitchell
Mr.,Joseph,P.,Mitzner
Ms.,Laura,C.,Steele
Ms.,Shanay,B.,Steelman
Mr.,Stefano,,Stefani
Mr.,Alan,,Steiner
Mr.,Derik,,Stenerson
Mr.,Vassar,J.,Stern
Ms.,Wathalee,R.,Steuber
Ms.,Alice,M.,Steiner
Ms.,Liza Marie,N.,Stevens
Mr.,Jim,,Stewart
Mr.,Robert,B.,Stotka
Ms.,Kayla,M.,Stotler
Ms.,Ruby Sue,R.,Styles
Mr.,Gary,J.,Suess
Ms.,Ruth,J.,Suffin
Ms.,Elizabeth,J.,Sullivan
Mr.,Michael,,Sullivan
Ms.,Marcia,J.,Sultan
Mr.,Krishna,,Sunkammurali
Mr.,Brad,,Sutton
Mr.,Abraham,L.,Swearengin
Ms.,Katherine,K.,Swan
Ms.,Julie,,Taft-Rider
Mr.,Clarence,R.,Tatman
Mr.,Mike,M.,Taylor
Mr.,Chad,J.,Tedford
Ms.,Vanessa,J.,Tench
Ms.,Judy,J.,Thames
Ms.,Phyllis,A.,Thomas
Mr.,Donald,M.,Thompson
Ms.,Kendra,N.,Thompson
Mr.,Daniel,P.,Thompson
Ms.,Andrea,A.,Thomsen
Ms.,Yuping,,Tian
Ms.,Diane,,Tibbott
Ms.,Delia,B.,Toone
Mr.,Glenn,J.,Track
Mr.,Billy,J.,Trent
Mr.,Michael John,R.,Troyer
Ms.,Christie,J.,Trujillo
Ms.,Phyllis,B.,Tuffield
Mr.,Sairaj,,Uddin
Mr.,Sunil,,Uppal
Ms.,Esther,K.,Valle
Mr.,Jessie,E.,Valerio
Mr.,Roger,,Van Houten
Ms.,Rose,M.,Vandenouer
Mr.,Gregory,T.,Vanderbout
Mr.,Michael,,Vanderhyde
Ms.,Margaret,J.,Vanderkamp
Ms.,Kara,N.,Vanderlinden
Mr.,Nieves,J.,Vargas
Mr.,Gary,T,Vargas
Mr.,Ranjit,Rudra,Varkey Chudukatil
Ms.,Patricia,M.,Vasquez
Mr.,Raja,D.,Venugopal
Ms.,Dora,P.,Verdad
Ms.,Wanda,F.,Vernon
Mr.,Robert,R.,Vessa
Ms.,Caroline,A.,Vicknair